timestamp,MSEC,point_id,_VAL,_ENG
29-FEB-2016 00:05:00.017,15,P_INDUSTRIAL.PI132LLUIA,169.50,A
29-FEB-2016 00:05:00.017,15,P_INDUSTRIAL.PI132LSLIA,96.00,A
29-FEB-2016 00:05:00.017,15,P_INDUSTRIAL.PI132TR1IA,73.60,A
29-FEB-2016 00:05:00.017,15,P_INDUSTRIAL.PI33AL2PI2IA,123.00,A
29-FEB-2016 00:05:00.017,15,P_INDUSTRIAL.PI33AL3SALIA,38.00,A
29-FEB-2016 00:05:00.017,15,P_INDUSTRIAL.PI33PI23IFA,99.00,A
29-FEB-2016 00:05:00.017,15,P_INDUSTRIAL.PI33TR1IA,253.60,A
29-FEB-2016 00:20:00.017,15,P_INDUSTRIAL.PI132LLUIA,161.30,A
29-FEB-2016 00:20:00.017,15,P_INDUSTRIAL.PI132LSLIA,85.30,A
29-FEB-2016 00:20:00.017,15,P_INDUSTRIAL.PI132TR1IA,76.00,A
29-FEB-2016 00:20:00.017,15,P_INDUSTRIAL.PI33AL2PI2IA,130.00,A
29-FEB-2016 00:20:00.017,15,P_INDUSTRIAL.PI33AL3SALIA,37.00,A
29-FEB-2016 00:20:00.017,15,P_INDUSTRIAL.PI33PI23IFA,103.00,A
29-FEB-2016 00:20:00.017,15,P_INDUSTRIAL.PI33TR1IA,263.70,A
29-FEB-2016 00:35:00.017,15,P_INDUSTRIAL.PI132LLUIA,153.10,A
29-FEB-2016 00:35:00.017,15,P_INDUSTRIAL.PI132LSLIA,79.00,A
29-FEB-2016 00:35:00.017,15,P_INDUSTRIAL.PI132TR1IA,74.60,A
29-FEB-2016 00:35:00.017,15,P_INDUSTRIAL.PI33AL2PI2IA,129.00,A
29-FEB-2016 00:35:00.017,15,P_INDUSTRIAL.PI33AL3SALIA,36.00,A
29-FEB-2016 00:35:00.017,15,P_INDUSTRIAL.PI33PI23IFA,102.00,A
29-FEB-2016 00:35:00.017,15,P_INDUSTRIAL.PI33TR1IA,261.50,A
29-FEB-2016 00:50:00.017,15,P_INDUSTRIAL.PI132LLUIA,152.30,A
29-FEB-2016 00:50:00.017,15,P_INDUSTRIAL.PI132LSLIA,76.30,A
29-FEB-2016 00:50:00.017,15,P_INDUSTRIAL.PI132TR1IA,75.10,A
29-FEB-2016 00:50:00.017,15,P_INDUSTRIAL.PI33AL2PI2IA,133.00,A
29-FEB-2016 00:50:00.017,15,P_INDUSTRIAL.PI33AL3SALIA,36.00,A
29-FEB-2016 00:50:00.017,15,P_INDUSTRIAL.PI33PI23IFA,106.00,A
29-FEB-2016 00:50:00.017,15,P_INDUSTRIAL.PI33TR1IA,270.40,A
29-FEB-2016 01:05:00.017,15,P_INDUSTRIAL.PI132LLUIA,146.80,A
29-FEB-2016 01:05:00.017,15,P_INDUSTRIAL.PI132LSLIA,70.30,A
29-FEB-2016 01:05:00.017,15,P_INDUSTRIAL.PI132TR1IA,76.60,A
29-FEB-2016 01:05:00.017,15,P_INDUSTRIAL.PI33AL2PI2IA,136.00,A
29-FEB-2016 01:05:00.017,15,P_INDUSTRIAL.PI33AL3SALIA,36.00,A
29-FEB-2016 01:05:00.017,15,P_INDUSTRIAL.PI33PI23IFA,101.00,A
29-FEB-2016 01:05:00.017,15,P_INDUSTRIAL.PI33TR1IA,271.30,A
29-FEB-2016 01:20:00.017,15,P_INDUSTRIAL.PI132LLUIA,140.50,A
29-FEB-2016 01:20:00.017,15,P_INDUSTRIAL.PI132LSLIA,64.30,A
29-FEB-2016 01:20:00.017,15,P_INDUSTRIAL.PI132TR1IA,76.60,A
29-FEB-2016 01:20:00.017,15,P_INDUSTRIAL.PI33AL2PI2IA,139.00,A
29-FEB-2016 01:20:00.017,15,P_INDUSTRIAL.PI33AL3SALIA,36.00,A
29-FEB-2016 01:20:00.017,15,P_INDUSTRIAL.PI33PI23IFA,104.00,A
29-FEB-2016 01:20:00.017,15,P_INDUSTRIAL.PI33TR1IA,272.50,A
29-FEB-2016 01:35:00.017,15,P_INDUSTRIAL.PI132LLUIA,148.20,A
29-FEB-2016 01:35:00.017,15,P_INDUSTRIAL.PI132LSLIA,73.30,A
29-FEB-2016 01:35:00.017,15,P_INDUSTRIAL.PI132TR1IA,75.40,A
29-FEB-2016 01:35:00.017,15,P_INDUSTRIAL.PI33AL2PI2IA,134.00,A
29-FEB-2016 01:35:00.017,15,P_INDUSTRIAL.PI33AL3SALIA,36.00,A
29-FEB-2016 01:35:00.017,15,P_INDUSTRIAL.PI33PI23IFA,101.00,A
29-FEB-2016 01:35:00.017,15,P_INDUSTRIAL.PI33TR1IA,267.50,A
29-FEB-2016 01:50:00.017,15,P_INDUSTRIAL.PI132LLUIA,169.30,A
29-FEB-2016 01:50:00.017,15,P_INDUSTRIAL.PI132LSLIA,95.40,A
29-FEB-2016 01:50:00.017,15,P_INDUSTRIAL.PI132TR1IA,74.80,A
29-FEB-2016 01:50:00.017,15,P_INDUSTRIAL.PI33AL2PI2IA,131.00,A
29-FEB-2016 01:50:00.017,15,P_INDUSTRIAL.PI33AL3SALIA,36.00,A
29-FEB-2016 01:50:00.017,15,P_INDUSTRIAL.PI33PI23IFA,103.00,A
29-FEB-2016 01:50:00.017,15,P_INDUSTRIAL.PI33TR1IA,266.10,A
29-FEB-2016 02:05:00.017,15,P_INDUSTRIAL.PI132LLUIA,167.90,A
29-FEB-2016 02:05:00.017,15,P_INDUSTRIAL.PI132LSLIA,94.10,A
29-FEB-2016 02:05:00.017,15,P_INDUSTRIAL.PI132TR1IA,76.20,A
29-FEB-2016 02:05:00.017,15,P_INDUSTRIAL.PI33AL2PI2IA,137.00,A
29-FEB-2016 02:05:00.017,15,P_INDUSTRIAL.PI33AL3SALIA,34.00,A
29-FEB-2016 02:05:00.017,15,P_INDUSTRIAL.PI33PI23IFA,100.00,A
29-FEB-2016 02:05:00.017,15,P_INDUSTRIAL.PI33TR1IA,269.20,A
29-FEB-2016 02:20:00.017,15,P_INDUSTRIAL.PI132LLUIA,164.10,A
29-FEB-2016 02:20:00.017,15,P_INDUSTRIAL.PI132LSLIA,90.50,A
29-FEB-2016 02:20:00.017,15,P_INDUSTRIAL.PI132TR1IA,75.80,A
29-FEB-2016 02:20:00.017,15,P_INDUSTRIAL.PI33AL2PI2IA,135.00,A
29-FEB-2016 02:20:00.017,15,P_INDUSTRIAL.PI33AL3SALIA,34.00,A
29-FEB-2016 02:20:00.017,15,P_INDUSTRIAL.PI33PI23IFA,102.00,A
29-FEB-2016 02:20:00.017,15,P_INDUSTRIAL.PI33TR1IA,269.60,A
29-FEB-2016 02:35:00.017,15,P_INDUSTRIAL.PI132LLUIA,163.20,A
29-FEB-2016 02:35:00.017,15,P_INDUSTRIAL.PI132LSLIA,88.30,A
29-FEB-2016 02:35:00.017,15,P_INDUSTRIAL.PI132TR1IA,75.80,A
29-FEB-2016 02:35:00.017,15,P_INDUSTRIAL.PI33AL2PI2IA,136.00,A
29-FEB-2016 02:35:00.017,15,P_INDUSTRIAL.PI33AL3SALIA,36.00,A
29-FEB-2016 02:35:00.017,15,P_INDUSTRIAL.PI33PI23IFA,104.00,A
29-FEB-2016 02:35:00.017,15,P_INDUSTRIAL.PI33TR1IA,271.60,A
29-FEB-2016 02:50:00.017,15,P_INDUSTRIAL.PI132LLUIA,163.20,A
29-FEB-2016 02:50:00.017,15,P_INDUSTRIAL.PI132LSLIA,87.80,A
29-FEB-2016 02:50:00.017,15,P_INDUSTRIAL.PI132TR1IA,76.80,A
29-FEB-2016 02:50:00.017,15,P_INDUSTRIAL.PI33AL2PI2IA,133.00,A
29-FEB-2016 02:50:00.017,15,P_INDUSTRIAL.PI33AL3SALIA,34.00,A
29-FEB-2016 02:50:00.017,15,P_INDUSTRIAL.PI33PI23IFA,106.00,A
29-FEB-2016 02:50:00.017,15,P_INDUSTRIAL.PI33TR1IA,274.00,A
29-FEB-2016 03:05:00.017,15,P_INDUSTRIAL.PI132LLUIA,163.50,A
29-FEB-2016 03:05:00.017,15,P_INDUSTRIAL.PI132LSLIA,87.50,A
29-FEB-2016 03:05:00.017,15,P_INDUSTRIAL.PI132TR1IA,77.20,A
29-FEB-2016 03:05:00.017,15,P_INDUSTRIAL.PI33AL2PI2IA,135.00,A
29-FEB-2016 03:05:00.017,15,P_INDUSTRIAL.PI33AL3SALIA,34.00,A
29-FEB-2016 03:05:00.017,15,P_INDUSTRIAL.PI33PI23IFA,105.00,A
29-FEB-2016 03:05:00.017,15,P_INDUSTRIAL.PI33TR1IA,270.80,A
29-FEB-2016 03:20:00.017,15,P_INDUSTRIAL.PI132LLUIA,160.00,A
29-FEB-2016 03:20:00.017,15,P_INDUSTRIAL.PI132LSLIA,84.80,A
29-FEB-2016 03:20:00.017,15,P_INDUSTRIAL.PI132TR1IA,76.90,A
29-FEB-2016 03:20:00.017,15,P_INDUSTRIAL.PI33AL2PI2IA,136.00,A
29-FEB-2016 03:20:00.017,15,P_INDUSTRIAL.PI33AL3SALIA,35.00,A
29-FEB-2016 03:20:00.017,15,P_INDUSTRIAL.PI33PI23IFA,112.00,A
29-FEB-2016 03:20:00.017,15,P_INDUSTRIAL.PI33TR1IA,273.20,A
29-FEB-2016 03:35:00.017,15,P_INDUSTRIAL.PI132LLUIA,159.70,A
29-FEB-2016 03:35:00.017,15,P_INDUSTRIAL.PI132LSLIA,85.30,A
29-FEB-2016 03:35:00.017,15,P_INDUSTRIAL.PI132TR1IA,76.10,A
29-FEB-2016 03:35:00.017,15,P_INDUSTRIAL.PI33AL2PI2IA,134.00,A
29-FEB-2016 03:35:00.017,15,P_INDUSTRIAL.PI33AL3SALIA,34.00,A
29-FEB-2016 03:35:00.017,15,P_INDUSTRIAL.PI33PI23IFA,108.00,A
29-FEB-2016 03:35:00.017,15,P_INDUSTRIAL.PI33TR1IA,272.00,A
29-FEB-2016 03:50:00.017,15,P_INDUSTRIAL.PI132LLUIA,159.70,A
29-FEB-2016 03:50:00.017,15,P_INDUSTRIAL.PI132LSLIA,83.70,A
29-FEB-2016 03:50:00.017,15,P_INDUSTRIAL.PI132TR1IA,77.00,A
29-FEB-2016 03:50:00.017,15,P_INDUSTRIAL.PI33AL2PI2IA,135.00,A
29-FEB-2016 03:50:00.017,15,P_INDUSTRIAL.PI33AL3SALIA,34.00,A
29-FEB-2016 03:50:00.017,15,P_INDUSTRIAL.PI33PI23IFA,109.00,A
29-FEB-2016 03:50:00.017,15,P_INDUSTRIAL.PI33TR1IA,274.70,A
29-FEB-2016 04:05:00.017,15,P_INDUSTRIAL.PI132LLUIA,159.10,A
29-FEB-2016 04:05:00.017,15,P_INDUSTRIAL.PI132LSLIA,83.90,A
29-FEB-2016 04:05:00.017,15,P_INDUSTRIAL.PI132TR1IA,77.10,A
29-FEB-2016 04:05:00.017,15,P_INDUSTRIAL.PI33AL2PI2IA,132.00,A
29-FEB-2016 04:05:00.017,15,P_INDUSTRIAL.PI33AL3SALIA,34.00,A
29-FEB-2016 04:05:00.017,15,P_INDUSTRIAL.PI33PI23IFA,112.00,A
29-FEB-2016 04:05:00.017,15,P_INDUSTRIAL.PI33TR1IA,271.80,A
29-FEB-2016 04:20:00.017,15,P_INDUSTRIAL.PI132LLUIA,160.50,A
29-FEB-2016 04:20:00.017,15,P_INDUSTRIAL.PI132LSLIA,83.90,A
29-FEB-2016 04:20:00.017,15,P_INDUSTRIAL.PI132TR1IA,78.60,A
29-FEB-2016 04:20:00.017,15,P_INDUSTRIAL.PI33AL2PI2IA,139.00,A
29-FEB-2016 04:20:00.017,15,P_INDUSTRIAL.PI33AL3SALIA,34.00,A
29-FEB-2016 04:20:00.017,15,P_INDUSTRIAL.PI33PI23IFA,110.00,A
29-FEB-2016 04:20:00.017,15,P_INDUSTRIAL.PI33TR1IA,281.60,A
29-FEB-2016 04:35:00.017,15,P_INDUSTRIAL.PI132LLUIA,160.50,A
29-FEB-2016 04:35:00.017,15,P_INDUSTRIAL.PI132LSLIA,83.40,A
29-FEB-2016 04:35:00.017,15,P_INDUSTRIAL.PI132TR1IA,78.30,A
29-FEB-2016 04:35:00.017,15,P_INDUSTRIAL.PI33AL2PI2IA,141.00,A
29-FEB-2016 04:35:00.017,15,P_INDUSTRIAL.PI33AL3SALIA,34.00,A
29-FEB-2016 04:35:00.017,15,P_INDUSTRIAL.PI33PI23IFA,111.00,A
29-FEB-2016 04:35:00.017,15,P_INDUSTRIAL.PI33TR1IA,282.80,A
29-FEB-2016 04:50:00.017,15,P_INDUSTRIAL.PI132LLUIA,158.90,A
29-FEB-2016 04:50:00.017,15,P_INDUSTRIAL.PI132LSLIA,84.50,A
29-FEB-2016 04:50:00.017,15,P_INDUSTRIAL.PI132TR1IA,76.30,A
29-FEB-2016 04:50:00.017,15,P_INDUSTRIAL.PI33AL2PI2IA,139.00,A
29-FEB-2016 04:50:00.017,15,P_INDUSTRIAL.PI33AL3SALIA,34.00,A
29-FEB-2016 04:50:00.017,15,P_INDUSTRIAL.PI33PI23IFA,107.00,A
29-FEB-2016 04:50:00.017,15,P_INDUSTRIAL.PI33TR1IA,270.10,A
29-FEB-2016 05:05:00.017,15,P_INDUSTRIAL.PI132LLUIA,160.20,A
29-FEB-2016 05:05:00.017,15,P_INDUSTRIAL.PI132LSLIA,83.70,A
29-FEB-2016 05:05:00.017,15,P_INDUSTRIAL.PI132TR1IA,78.20,A
29-FEB-2016 05:05:00.017,15,P_INDUSTRIAL.PI33AL2PI2IA,137.00,A
29-FEB-2016 05:05:00.017,15,P_INDUSTRIAL.PI33AL3SALIA,34.00,A
29-FEB-2016 05:05:00.017,15,P_INDUSTRIAL.PI33PI23IFA,113.00,A
29-FEB-2016 05:05:00.017,15,P_INDUSTRIAL.PI33TR1IA,279.00,A
29-FEB-2016 05:20:00.017,15,P_INDUSTRIAL.PI132LLUIA,162.40,A
29-FEB-2016 05:20:00.017,15,P_INDUSTRIAL.PI132LSLIA,85.60,A
29-FEB-2016 05:20:00.017,15,P_INDUSTRIAL.PI132TR1IA,79.00,A
29-FEB-2016 05:20:00.017,15,P_INDUSTRIAL.PI33AL2PI2IA,136.00,A
29-FEB-2016 05:20:00.017,15,P_INDUSTRIAL.PI33AL3SALIA,34.00,A
29-FEB-2016 05:20:00.017,15,P_INDUSTRIAL.PI33PI23IFA,115.00,A
29-FEB-2016 05:20:00.017,15,P_INDUSTRIAL.PI33TR1IA,280.60,A
29-FEB-2016 05:35:00.017,15,P_INDUSTRIAL.PI132LLUIA,164.10,A
29-FEB-2016 05:35:00.017,15,P_INDUSTRIAL.PI132LSLIA,84.50,A
29-FEB-2016 05:35:00.017,15,P_INDUSTRIAL.PI132TR1IA,81.20,A
29-FEB-2016 05:35:00.017,15,P_INDUSTRIAL.PI33AL2PI2IA,142.00,A
29-FEB-2016 05:35:00.017,15,P_INDUSTRIAL.PI33AL3SALIA,34.00,A
29-FEB-2016 05:35:00.017,15,P_INDUSTRIAL.PI33PI23IFA,123.00,A
29-FEB-2016 05:35:00.017,15,P_INDUSTRIAL.PI33TR1IA,292.60,A
29-FEB-2016 05:50:00.017,15,P_INDUSTRIAL.PI132LLUIA,166.00,A
29-FEB-2016 05:50:00.017,15,P_INDUSTRIAL.PI132LSLIA,85.90,A
29-FEB-2016 05:50:00.017,15,P_INDUSTRIAL.PI132TR1IA,81.70,A
29-FEB-2016 05:50:00.017,15,P_INDUSTRIAL.PI33AL2PI2IA,134.00,A
29-FEB-2016 05:50:00.017,15,P_INDUSTRIAL.PI33AL3SALIA,34.00,A
29-FEB-2016 05:50:00.017,15,P_INDUSTRIAL.PI33PI23IFA,126.00,A
29-FEB-2016 05:50:00.017,15,P_INDUSTRIAL.PI33TR1IA,292.90,A
29-FEB-2016 06:05:00.017,15,P_INDUSTRIAL.PI132LLUIA,174.20,A
29-FEB-2016 06:05:00.017,15,P_INDUSTRIAL.PI132LSLIA,88.30,A
29-FEB-2016 06:05:00.017,15,P_INDUSTRIAL.PI132TR1IA,88.10,A
29-FEB-2016 06:05:00.017,15,P_INDUSTRIAL.PI33AL2PI2IA,138.00,A
29-FEB-2016 06:05:00.017,15,P_INDUSTRIAL.PI33AL3SALIA,40.00,A
29-FEB-2016 06:05:00.017,15,P_INDUSTRIAL.PI33PI23IFA,146.00,A
29-FEB-2016 06:05:00.017,15,P_INDUSTRIAL.PI33TR1IA,321.60,A
29-FEB-2016 06:20:00.017,15,P_INDUSTRIAL.PI132LLUIA,187.90,A
29-FEB-2016 06:20:00.017,15,P_INDUSTRIAL.PI132LSLIA,91.90,A
29-FEB-2016 06:20:00.017,15,P_INDUSTRIAL.PI132TR1IA,97.80,A
29-FEB-2016 06:20:00.017,15,P_INDUSTRIAL.PI33AL2PI2IA,156.00,A
29-FEB-2016 06:20:00.017,15,P_INDUSTRIAL.PI33AL3SALIA,43.00,A
29-FEB-2016 06:20:00.017,15,P_INDUSTRIAL.PI33PI23IFA,163.00,A
29-FEB-2016 06:20:00.017,15,P_INDUSTRIAL.PI33TR1IA,367.30,A
29-FEB-2016 06:35:00.017,15,P_INDUSTRIAL.PI132LLUIA,198.20,A
29-FEB-2016 06:35:00.017,15,P_INDUSTRIAL.PI132LSLIA,99.30,A
29-FEB-2016 06:35:00.017,15,P_INDUSTRIAL.PI132TR1IA,100.00,A
29-FEB-2016 06:35:00.017,15,P_INDUSTRIAL.PI33AL2PI2IA,162.00,A
29-FEB-2016 06:35:00.017,15,P_INDUSTRIAL.PI33AL3SALIA,43.00,A
29-FEB-2016 06:35:00.017,15,P_INDUSTRIAL.PI33PI23IFA,166.00,A
29-FEB-2016 06:35:00.017,15,P_INDUSTRIAL.PI33TR1IA,364.40,A
29-FEB-2016 06:50:00.017,15,P_INDUSTRIAL.PI132LLUIA,201.00,A
29-FEB-2016 06:50:00.017,15,P_INDUSTRIAL.PI132LSLIA,100.90,A
29-FEB-2016 06:50:00.017,15,P_INDUSTRIAL.PI132TR1IA,101.30,A
29-FEB-2016 06:50:00.017,15,P_INDUSTRIAL.PI33AL2PI2IA,166.00,A
29-FEB-2016 06:50:00.017,15,P_INDUSTRIAL.PI33AL3SALIA,41.00,A
29-FEB-2016 06:50:00.017,15,P_INDUSTRIAL.PI33PI23IFA,172.00,A
29-FEB-2016 06:50:00.017,15,P_INDUSTRIAL.PI33TR1IA,373.70,A
29-FEB-2016 07:05:00.017,15,P_INDUSTRIAL.PI132LLUIA,195.50,A
29-FEB-2016 07:05:00.017,15,P_INDUSTRIAL.PI132LSLIA,94.90,A
29-FEB-2016 07:05:00.017,15,P_INDUSTRIAL.PI132TR1IA,103.20,A
29-FEB-2016 07:05:00.017,15,P_INDUSTRIAL.PI33AL2PI2IA,170.00,A
29-FEB-2016 07:05:00.017,15,P_INDUSTRIAL.PI33AL3SALIA,40.00,A
29-FEB-2016 07:05:00.017,15,P_INDUSTRIAL.PI33PI23IFA,178.00,A
29-FEB-2016 07:05:00.017,15,P_INDUSTRIAL.PI33TR1IA,390.00,A
29-FEB-2016 07:20:00.017,15,P_INDUSTRIAL.PI132LLUIA,193.90,A
29-FEB-2016 07:20:00.017,15,P_INDUSTRIAL.PI132LSLIA,91.90,A
29-FEB-2016 07:20:00.017,15,P_INDUSTRIAL.PI132TR1IA,105.10,A
29-FEB-2016 07:20:00.017,15,P_INDUSTRIAL.PI33AL2PI2IA,173.00,A
29-FEB-2016 07:20:00.017,15,P_INDUSTRIAL.PI33AL3SALIA,33.00,A
29-FEB-2016 07:20:00.017,15,P_INDUSTRIAL.PI33PI23IFA,193.00,A
29-FEB-2016 07:20:00.017,15,P_INDUSTRIAL.PI33TR1IA,388.80,A
29-FEB-2016 07:35:00.017,15,P_INDUSTRIAL.PI132LLUIA,194.70,A
29-FEB-2016 07:35:00.017,15,P_INDUSTRIAL.PI132LSLIA,91.60,A
29-FEB-2016 07:35:00.017,15,P_INDUSTRIAL.PI132TR1IA,106.70,A
29-FEB-2016 07:35:00.017,15,P_INDUSTRIAL.PI33AL2PI2IA,177.00,A
29-FEB-2016 07:35:00.017,15,P_INDUSTRIAL.PI33AL3SALIA,34.00,A
29-FEB-2016 07:35:00.017,15,P_INDUSTRIAL.PI33PI23IFA,188.00,A
29-FEB-2016 07:35:00.017,15,P_INDUSTRIAL.PI33TR1IA,400.30,A
29-FEB-2016 07:50:00.017,15,P_INDUSTRIAL.PI132LLUIA,196.60,A
29-FEB-2016 07:50:00.017,15,P_INDUSTRIAL.PI132LSLIA,90.80,A
29-FEB-2016 07:50:00.017,15,P_INDUSTRIAL.PI132TR1IA,107.60,A
29-FEB-2016 07:50:00.017,15,P_INDUSTRIAL.PI33AL2PI2IA,174.00,A
29-FEB-2016 07:50:00.017,15,P_INDUSTRIAL.PI33AL3SALIA,33.00,A
29-FEB-2016 07:50:00.017,15,P_INDUSTRIAL.PI33PI23IFA,197.00,A
29-FEB-2016 07:50:00.017,15,P_INDUSTRIAL.PI33TR1IA,400.50,A
29-FEB-2016 08:05:00.017,15,P_INDUSTRIAL.PI132LLUIA,205.10,A
29-FEB-2016 08:05:00.017,15,P_INDUSTRIAL.PI132LSLIA,94.30,A
29-FEB-2016 08:05:00.017,15,P_INDUSTRIAL.PI132TR1IA,114.70,A
29-FEB-2016 08:05:00.017,15,P_INDUSTRIAL.PI33AL2PI2IA,184.00,A
29-FEB-2016 08:05:00.017,15,P_INDUSTRIAL.PI33AL3SALIA,40.00,A
29-FEB-2016 08:05:00.017,15,P_INDUSTRIAL.PI33PI23IFA,201.00,A
29-FEB-2016 08:05:00.017,15,P_INDUSTRIAL.PI33TR1IA,417.00,A
29-FEB-2016 08:20:00.017,15,P_INDUSTRIAL.PI132LLUIA,190.90,A
29-FEB-2016 08:20:00.017,15,P_INDUSTRIAL.PI132LSLIA,77.40,A
29-FEB-2016 08:20:00.017,15,P_INDUSTRIAL.PI132TR1IA,117.30,A
29-FEB-2016 08:20:00.017,15,P_INDUSTRIAL.PI33AL2PI2IA,188.00,A
29-FEB-2016 08:20:00.017,15,P_INDUSTRIAL.PI33AL3SALIA,33.00,A
29-FEB-2016 08:20:00.017,15,P_INDUSTRIAL.PI33PI23IFA,206.00,A
29-FEB-2016 08:20:00.017,15,P_INDUSTRIAL.PI33TR1IA,423.50,A
29-FEB-2016 08:35:00.017,15,P_INDUSTRIAL.PI132LLUIA,173.90,A
29-FEB-2016 08:35:00.017,15,P_INDUSTRIAL.PI132LSLIA,59.10,A
29-FEB-2016 08:35:00.017,15,P_INDUSTRIAL.PI132TR1IA,114.80,A
29-FEB-2016 08:35:00.017,15,P_INDUSTRIAL.PI33AL2PI2IA,186.00,A
29-FEB-2016 08:35:00.017,15,P_INDUSTRIAL.PI33AL3SALIA,37.00,A
29-FEB-2016 08:35:00.017,15,P_INDUSTRIAL.PI33PI23IFA,205.00,A
29-FEB-2016 08:35:00.017,15,P_INDUSTRIAL.PI33TR1IA,423.50,A
29-FEB-2016 08:50:00.017,15,P_INDUSTRIAL.PI132LLUIA,175.50,A
29-FEB-2016 08:50:00.017,15,P_INDUSTRIAL.PI132LSLIA,61.00,A
29-FEB-2016 08:50:00.017,15,P_INDUSTRIAL.PI132TR1IA,114.50,A
29-FEB-2016 08:50:00.017,15,P_INDUSTRIAL.PI33AL2PI2IA,193.00,A
29-FEB-2016 08:50:00.017,15,P_INDUSTRIAL.PI33AL3SALIA,34.00,A
29-FEB-2016 08:50:00.017,15,P_INDUSTRIAL.PI33PI23IFA,198.00,A
29-FEB-2016 08:50:00.017,15,P_INDUSTRIAL.PI33TR1IA,420.90,A
29-FEB-2016 09:05:00.017,15,P_INDUSTRIAL.PI132LLUIA,180.70,A
29-FEB-2016 09:05:00.017,15,P_INDUSTRIAL.PI132LSLIA,66.20,A
29-FEB-2016 09:05:00.017,15,P_INDUSTRIAL.PI132TR1IA,114.60,A
29-FEB-2016 09:05:00.017,15,P_INDUSTRIAL.PI33AL2PI2IA,181.00,A
29-FEB-2016 09:05:00.017,15,P_INDUSTRIAL.PI33AL3SALIA,37.00,A
29-FEB-2016 09:05:00.017,15,P_INDUSTRIAL.PI33PI23IFA,203.00,A
29-FEB-2016 09:05:00.017,15,P_INDUSTRIAL.PI33TR1IA,420.10,A
29-FEB-2016 09:20:00.017,15,P_INDUSTRIAL.PI132LLUIA,188.90,A
29-FEB-2016 09:20:00.017,15,P_INDUSTRIAL.PI132LSLIA,72.20,A
29-FEB-2016 09:20:00.017,15,P_INDUSTRIAL.PI132TR1IA,116.40,A
29-FEB-2016 09:20:00.017,15,P_INDUSTRIAL.PI33AL2PI2IA,187.00,A
29-FEB-2016 09:20:00.017,15,P_INDUSTRIAL.PI33AL3SALIA,44.00,A
29-FEB-2016 09:20:00.017,15,P_INDUSTRIAL.PI33PI23IFA,211.00,A
29-FEB-2016 09:20:00.017,15,P_INDUSTRIAL.PI33TR1IA,431.10,A
29-FEB-2016 09:35:00.017,15,P_INDUSTRIAL.PI132LLUIA,196.10,A
29-FEB-2016 09:35:00.017,15,P_INDUSTRIAL.PI132LSLIA,76.80,A
29-FEB-2016 09:35:00.017,15,P_INDUSTRIAL.PI132TR1IA,118.70,A
29-FEB-2016 09:35:00.017,15,P_INDUSTRIAL.PI33AL2PI2IA,187.00,A
29-FEB-2016 09:35:00.017,15,P_INDUSTRIAL.PI33AL3SALIA,40.00,A
29-FEB-2016 09:35:00.017,15,P_INDUSTRIAL.PI33PI23IFA,208.00,A
29-FEB-2016 09:35:00.017,15,P_INDUSTRIAL.PI33TR1IA,433.30,A
29-FEB-2016 09:50:00.017,15,P_INDUSTRIAL.PI132LLUIA,199.10,A
29-FEB-2016 09:50:00.017,15,P_INDUSTRIAL.PI132LSLIA,82.30,A
29-FEB-2016 09:50:00.017,15,P_INDUSTRIAL.PI132TR1IA,116.40,A
29-FEB-2016 09:50:00.017,15,P_INDUSTRIAL.PI33AL2PI2IA,185.00,A
29-FEB-2016 09:50:00.017,15,P_INDUSTRIAL.PI33AL3SALIA,37.00,A
29-FEB-2016 09:50:00.017,15,P_INDUSTRIAL.PI33PI23IFA,208.00,A
29-FEB-2016 09:50:00.017,15,P_INDUSTRIAL.PI33TR1IA,423.00,A
29-FEB-2016 10:05:00.017,15,P_INDUSTRIAL.PI132LLUIA,202.90,A
29-FEB-2016 10:05:00.017,15,P_INDUSTRIAL.PI132LSLIA,83.10,A
29-FEB-2016 10:05:00.017,15,P_INDUSTRIAL.PI132TR1IA,120.70,A
29-FEB-2016 10:05:00.017,15,P_INDUSTRIAL.PI33AL2PI2IA,187.00,A
29-FEB-2016 10:05:00.017,15,P_INDUSTRIAL.PI33AL3SALIA,36.00,A
29-FEB-2016 10:05:00.017,15,P_INDUSTRIAL.PI33PI23IFA,222.00,A
29-FEB-2016 10:05:00.017,15,P_INDUSTRIAL.PI33TR1IA,434.30,A
29-FEB-2016 10:20:00.017,15,P_INDUSTRIAL.PI132LLUIA,214.10,A
29-FEB-2016 10:20:00.017,15,P_INDUSTRIAL.PI132LSLIA,93.80,A
29-FEB-2016 10:20:00.017,15,P_INDUSTRIAL.PI132TR1IA,121.50,A
29-FEB-2016 10:20:00.017,15,P_INDUSTRIAL.PI33AL2PI2IA,186.00,A
29-FEB-2016 10:20:00.017,15,P_INDUSTRIAL.PI33AL3SALIA,38.00,A
29-FEB-2016 10:20:00.017,15,P_INDUSTRIAL.PI33PI23IFA,214.00,A
29-FEB-2016 10:20:00.017,15,P_INDUSTRIAL.PI33TR1IA,434.70,A
29-FEB-2016 10:35:00.017,15,P_INDUSTRIAL.PI132LLUIA,220.90,A
29-FEB-2016 10:35:00.017,15,P_INDUSTRIAL.PI132LSLIA,96.80,A
29-FEB-2016 10:35:00.017,15,P_INDUSTRIAL.PI132TR1IA,125.10,A
29-FEB-2016 10:35:00.017,15,P_INDUSTRIAL.PI33AL2PI2IA,197.00,A
29-FEB-2016 10:35:00.017,15,P_INDUSTRIAL.PI33AL3SALIA,39.00,A
29-FEB-2016 10:35:00.017,15,P_INDUSTRIAL.PI33PI23IFA,211.00,A
29-FEB-2016 10:35:00.017,15,P_INDUSTRIAL.PI33TR1IA,446.20,A
29-FEB-2016 10:50:00.017,15,P_INDUSTRIAL.PI132LLUIA,227.20,A
29-FEB-2016 10:50:00.017,15,P_INDUSTRIAL.PI132LSLIA,100.90,A
29-FEB-2016 10:50:00.017,15,P_INDUSTRIAL.PI132TR1IA,127.40,A
29-FEB-2016 10:50:00.017,15,P_INDUSTRIAL.PI33AL2PI2IA,199.00,A
29-FEB-2016 10:50:00.017,15,P_INDUSTRIAL.PI33AL3SALIA,39.00,A
29-FEB-2016 10:50:00.017,15,P_INDUSTRIAL.PI33PI23IFA,217.00,A
29-FEB-2016 10:50:00.017,15,P_INDUSTRIAL.PI33TR1IA,448.40,A
29-FEB-2016 11:05:00.017,15,P_INDUSTRIAL.PI132LLUIA,233.20,A
29-FEB-2016 11:05:00.017,15,P_INDUSTRIAL.PI132LSLIA,106.90,A
29-FEB-2016 11:05:00.017,15,P_INDUSTRIAL.PI132TR1IA,127.90,A
29-FEB-2016 11:05:00.017,15,P_INDUSTRIAL.PI33AL2PI2IA,200.00,A
29-FEB-2016 11:05:00.017,15,P_INDUSTRIAL.PI33AL3SALIA,39.00,A
29-FEB-2016 11:05:00.017,15,P_INDUSTRIAL.PI33PI23IFA,214.00,A
29-FEB-2016 11:05:00.017,15,P_INDUSTRIAL.PI33TR1IA,445.50,A
29-FEB-2016 11:20:00.017,15,P_INDUSTRIAL.PI132LLUIA,243.90,A
29-FEB-2016 11:20:00.017,15,P_INDUSTRIAL.PI132LSLIA,115.90,A
29-FEB-2016 11:20:00.017,15,P_INDUSTRIAL.PI132TR1IA,128.70,A
29-FEB-2016 11:20:00.017,15,P_INDUSTRIAL.PI33AL2PI2IA,195.00,A
29-FEB-2016 11:20:00.017,15,P_INDUSTRIAL.PI33AL3SALIA,39.00,A
29-FEB-2016 11:20:00.017,15,P_INDUSTRIAL.PI33PI23IFA,217.00,A
29-FEB-2016 11:20:00.017,15,P_INDUSTRIAL.PI33TR1IA,451.70,A
29-FEB-2016 11:35:00.017,15,P_INDUSTRIAL.PI132LLUIA,241.70,A
29-FEB-2016 11:35:00.017,15,P_INDUSTRIAL.PI132LSLIA,115.40,A
29-FEB-2016 11:35:00.017,15,P_INDUSTRIAL.PI132TR1IA,127.50,A
29-FEB-2016 11:35:00.017,15,P_INDUSTRIAL.PI33AL2PI2IA,193.00,A
29-FEB-2016 11:35:00.017,15,P_INDUSTRIAL.PI33AL3SALIA,39.00,A
29-FEB-2016 11:35:00.017,15,P_INDUSTRIAL.PI33PI23IFA,220.00,A
29-FEB-2016 11:35:00.017,15,P_INDUSTRIAL.PI33TR1IA,444.80,A
29-FEB-2016 11:50:00.017,15,P_INDUSTRIAL.PI132LLUIA,248.80,A
29-FEB-2016 11:50:00.017,15,P_INDUSTRIAL.PI132LSLIA,123.30,A
29-FEB-2016 11:50:00.017,15,P_INDUSTRIAL.PI132TR1IA,126.90,A
29-FEB-2016 11:50:00.017,15,P_INDUSTRIAL.PI33AL2PI2IA,193.00,A
29-FEB-2016 11:50:00.017,15,P_INDUSTRIAL.PI33AL3SALIA,39.00,A
29-FEB-2016 11:50:00.017,15,P_INDUSTRIAL.PI33PI23IFA,213.00,A
29-FEB-2016 11:50:00.017,15,P_INDUSTRIAL.PI33TR1IA,441.40,A
29-FEB-2016 12:05:00.017,15,P_INDUSTRIAL.PI132LLUIA,245.30,A
29-FEB-2016 12:05:00.017,15,P_INDUSTRIAL.PI132LSLIA,120.30,A
29-FEB-2016 12:05:00.017,15,P_INDUSTRIAL.PI132TR1IA,127.40,A
29-FEB-2016 12:05:00.017,15,P_INDUSTRIAL.PI33AL2PI2IA,193.00,A
29-FEB-2016 12:05:00.017,15,P_INDUSTRIAL.PI33AL3SALIA,39.00,A
29-FEB-2016 12:05:00.017,15,P_INDUSTRIAL.PI33PI23IFA,215.00,A
29-FEB-2016 12:05:00.017,15,P_INDUSTRIAL.PI33TR1IA,443.10,A
29-FEB-2016 12:50:00.017,15,P_INDUSTRIAL.PI132LLUIA,256.50,A
29-FEB-2016 12:50:00.017,15,P_INDUSTRIAL.PI132LSLIA,132.60,A
29-FEB-2016 12:50:00.017,15,P_INDUSTRIAL.PI132TR1IA,124.50,A
29-FEB-2016 12:50:00.017,15,P_INDUSTRIAL.PI33AL2PI2IA,189.00,A
29-FEB-2016 12:50:00.017,15,P_INDUSTRIAL.PI33AL3SALIA,40.00,A
29-FEB-2016 12:50:00.017,15,P_INDUSTRIAL.PI33PI23IFA,212.00,A
29-FEB-2016 12:50:00.017,15,P_INDUSTRIAL.PI33TR1IA,436.20,A
29-FEB-2016 13:05:00.017,15,P_INDUSTRIAL.PI132LLUIA,253.50,A
29-FEB-2016 13:05:00.017,15,P_INDUSTRIAL.PI132LSLIA,127.10,A
29-FEB-2016 13:05:00.017,15,P_INDUSTRIAL.PI132TR1IA,129.00,A
29-FEB-2016 13:05:00.017,15,P_INDUSTRIAL.PI33AL2PI2IA,183.00,A
29-FEB-2016 13:05:00.017,15,P_INDUSTRIAL.PI33AL3SALIA,41.00,A
29-FEB-2016 13:05:00.017,15,P_INDUSTRIAL.PI33PI23IFA,225.00,A
29-FEB-2016 13:05:00.017,15,P_INDUSTRIAL.PI33TR1IA,446.50,A
29-FEB-2016 13:20:00.017,15,P_INDUSTRIAL.PI132LLUIA,250.70,A
29-FEB-2016 13:20:00.017,15,P_INDUSTRIAL.PI132LSLIA,124.40,A
29-FEB-2016 13:20:00.017,15,P_INDUSTRIAL.PI132TR1IA,128.00,A
29-FEB-2016 13:20:00.017,15,P_INDUSTRIAL.PI33AL2PI2IA,191.00,A
29-FEB-2016 13:20:00.017,15,P_INDUSTRIAL.PI33AL3SALIA,41.00,A
29-FEB-2016 13:20:00.017,15,P_INDUSTRIAL.PI33PI23IFA,218.00,A
29-FEB-2016 13:20:00.017,15,P_INDUSTRIAL.PI33TR1IA,450.00,A
29-FEB-2016 13:35:00.017,15,P_INDUSTRIAL.PI132LLUIA,246.40,A
29-FEB-2016 13:35:00.017,15,P_INDUSTRIAL.PI132LSLIA,122.00,A
29-FEB-2016 13:35:00.017,15,P_INDUSTRIAL.PI132TR1IA,126.10,A
29-FEB-2016 13:35:00.017,15,P_INDUSTRIAL.PI33AL2PI2IA,182.00,A
29-FEB-2016 13:35:00.017,15,P_INDUSTRIAL.PI33AL3SALIA,41.00,A
29-FEB-2016 13:35:00.017,15,P_INDUSTRIAL.PI33PI23IFA,220.00,A
29-FEB-2016 13:35:00.017,15,P_INDUSTRIAL.PI33TR1IA,444.10,A
29-FEB-2016 13:50:00.017,15,P_INDUSTRIAL.PI132LLUIA,246.10,A
29-FEB-2016 13:50:00.017,15,P_INDUSTRIAL.PI132LSLIA,122.50,A
29-FEB-2016 13:50:00.017,15,P_INDUSTRIAL.PI132TR1IA,126.80,A
29-FEB-2016 13:50:00.017,15,P_INDUSTRIAL.PI33AL2PI2IA,183.00,A
29-FEB-2016 13:50:00.017,15,P_INDUSTRIAL.PI33AL3SALIA,42.00,A
29-FEB-2016 13:50:00.017,15,P_INDUSTRIAL.PI33PI23IFA,217.00,A
29-FEB-2016 13:50:00.017,15,P_INDUSTRIAL.PI33TR1IA,439.80,A
29-FEB-2016 14:05:00.017,15,P_INDUSTRIAL.PI132LLUIA,245.30,A
29-FEB-2016 14:05:00.017,15,P_INDUSTRIAL.PI132LSLIA,120.30,A
29-FEB-2016 14:05:00.017,15,P_INDUSTRIAL.PI132TR1IA,126.60,A
29-FEB-2016 14:05:00.017,15,P_INDUSTRIAL.PI33AL2PI2IA,183.00,A
29-FEB-2016 14:05:00.017,15,P_INDUSTRIAL.PI33AL3SALIA,42.00,A
29-FEB-2016 14:05:00.017,15,P_INDUSTRIAL.PI33PI23IFA,211.00,A
29-FEB-2016 14:05:00.017,15,P_INDUSTRIAL.PI33TR1IA,441.20,A
29-FEB-2016 14:20:00.017,15,P_INDUSTRIAL.PI132LLUIA,247.20,A
29-FEB-2016 14:20:00.017,15,P_INDUSTRIAL.PI132LSLIA,120.60,A
29-FEB-2016 14:20:00.017,15,P_INDUSTRIAL.PI132TR1IA,129.50,A
29-FEB-2016 14:20:00.017,15,P_INDUSTRIAL.PI33AL2PI2IA,187.00,A
29-FEB-2016 14:20:00.017,15,P_INDUSTRIAL.PI33AL3SALIA,42.00,A
29-FEB-2016 14:20:00.017,15,P_INDUSTRIAL.PI33PI23IFA,220.00,A
29-FEB-2016 14:20:00.017,15,P_INDUSTRIAL.PI33TR1IA,449.60,A
29-FEB-2016 14:35:00.017,15,P_INDUSTRIAL.PI132LLUIA,245.50,A
29-FEB-2016 14:35:00.017,15,P_INDUSTRIAL.PI132LSLIA,116.50,A
29-FEB-2016 14:35:00.017,15,P_INDUSTRIAL.PI132TR1IA,131.80,A
29-FEB-2016 14:35:00.017,15,P_INDUSTRIAL.PI33AL2PI2IA,191.00,A
29-FEB-2016 14:35:00.017,15,P_INDUSTRIAL.PI33AL3SALIA,42.00,A
29-FEB-2016 14:35:00.017,15,P_INDUSTRIAL.PI33PI23IFA,226.00,A
29-FEB-2016 14:35:00.017,15,P_INDUSTRIAL.PI33TR1IA,451.50,A
29-FEB-2016 14:50:00.017,15,P_INDUSTRIAL.PI132LLUIA,247.50,A
29-FEB-2016 14:50:00.017,15,P_INDUSTRIAL.PI132LSLIA,122.80,A
29-FEB-2016 14:50:00.017,15,P_INDUSTRIAL.PI132TR1IA,126.50,A
29-FEB-2016 14:50:00.017,15,P_INDUSTRIAL.PI33AL2PI2IA,184.00,A
29-FEB-2016 14:50:00.017,15,P_INDUSTRIAL.PI33AL3SALIA,40.00,A
29-FEB-2016 14:50:00.017,15,P_INDUSTRIAL.PI33PI23IFA,215.00,A
29-FEB-2016 14:50:00.017,15,P_INDUSTRIAL.PI33TR1IA,442.60,A
29-FEB-2016 15:05:00.017,15,P_INDUSTRIAL.PI132LLUIA,247.70,A
29-FEB-2016 15:05:00.017,15,P_INDUSTRIAL.PI132LSLIA,124.40,A
29-FEB-2016 15:05:00.017,15,P_INDUSTRIAL.PI132TR1IA,125.40,A
29-FEB-2016 15:05:00.017,15,P_INDUSTRIAL.PI33AL2PI2IA,182.00,A
29-FEB-2016 15:05:00.017,15,P_INDUSTRIAL.PI33AL3SALIA,40.00,A
29-FEB-2016 15:05:00.017,15,P_INDUSTRIAL.PI33PI23IFA,211.00,A
29-FEB-2016 15:05:00.017,15,P_INDUSTRIAL.PI33TR1IA,433.50,A
29-FEB-2016 15:20:00.017,15,P_INDUSTRIAL.PI132LLUIA,247.20,A
29-FEB-2016 15:20:00.017,15,P_INDUSTRIAL.PI132LSLIA,123.30,A
29-FEB-2016 15:20:00.017,15,P_INDUSTRIAL.PI132TR1IA,125.90,A
29-FEB-2016 15:20:00.017,15,P_INDUSTRIAL.PI33AL2PI2IA,183.00,A
29-FEB-2016 15:20:00.017,15,P_INDUSTRIAL.PI33AL3SALIA,40.00,A
29-FEB-2016 15:20:00.017,15,P_INDUSTRIAL.PI33PI23IFA,213.00,A
29-FEB-2016 15:20:00.017,15,P_INDUSTRIAL.PI33TR1IA,433.10,A
29-FEB-2016 15:35:00.017,15,P_INDUSTRIAL.PI132LLUIA,245.00,A
29-FEB-2016 15:35:00.017,15,P_INDUSTRIAL.PI132LSLIA,120.00,A
29-FEB-2016 15:35:00.017,15,P_INDUSTRIAL.PI132TR1IA,127.00,A
29-FEB-2016 15:35:00.017,15,P_INDUSTRIAL.PI33AL2PI2IA,186.00,A
29-FEB-2016 15:35:00.017,15,P_INDUSTRIAL.PI33AL3SALIA,40.00,A
29-FEB-2016 15:35:00.017,15,P_INDUSTRIAL.PI33PI23IFA,213.00,A
29-FEB-2016 15:35:00.017,15,P_INDUSTRIAL.PI33TR1IA,440.00,A
29-FEB-2016 15:50:00.017,15,P_INDUSTRIAL.PI132LLUIA,248.80,A
29-FEB-2016 15:50:00.017,15,P_INDUSTRIAL.PI132LSLIA,123.00,A
29-FEB-2016 15:50:00.017,15,P_INDUSTRIAL.PI132TR1IA,128.30,A
29-FEB-2016 15:50:00.017,15,P_INDUSTRIAL.PI33AL2PI2IA,191.00,A
29-FEB-2016 15:50:00.017,15,P_INDUSTRIAL.PI33AL3SALIA,42.00,A
29-FEB-2016 15:50:00.017,15,P_INDUSTRIAL.PI33PI23IFA,214.00,A
29-FEB-2016 15:50:00.017,15,P_INDUSTRIAL.PI33TR1IA,442.60,A
29-FEB-2016 16:05:00.017,15,P_INDUSTRIAL.PI132LLUIA,242.00,A
29-FEB-2016 16:05:00.017,15,P_INDUSTRIAL.PI132LSLIA,117.00,A
29-FEB-2016 16:05:00.017,15,P_INDUSTRIAL.PI132TR1IA,126.60,A
29-FEB-2016 16:05:00.017,15,P_INDUSTRIAL.PI33AL2PI2IA,189.00,A
29-FEB-2016 16:05:00.017,15,P_INDUSTRIAL.PI33AL3SALIA,43.00,A
29-FEB-2016 16:05:00.017,15,P_INDUSTRIAL.PI33PI23IFA,210.00,A
29-FEB-2016 16:05:00.017,15,P_INDUSTRIAL.PI33TR1IA,434.70,A
29-FEB-2016 16:20:00.017,15,P_INDUSTRIAL.PI132LLUIA,244.20,A
29-FEB-2016 16:20:00.017,15,P_INDUSTRIAL.PI132LSLIA,122.20,A
29-FEB-2016 16:20:00.017,15,P_INDUSTRIAL.PI132TR1IA,123.70,A
29-FEB-2016 16:20:00.017,15,P_INDUSTRIAL.PI33AL2PI2IA,178.00,A
29-FEB-2016 16:20:00.017,15,P_INDUSTRIAL.PI33AL3SALIA,41.00,A
29-FEB-2016 16:20:00.017,15,P_INDUSTRIAL.PI33PI23IFA,207.00,A
29-FEB-2016 16:20:00.017,15,P_INDUSTRIAL.PI33TR1IA,426.40,A
29-FEB-2016 16:35:00.017,15,P_INDUSTRIAL.PI132LLUIA,243.40,A
29-FEB-2016 16:35:00.017,15,P_INDUSTRIAL.PI132LSLIA,121.40,A
29-FEB-2016 16:35:00.017,15,P_INDUSTRIAL.PI132TR1IA,122.90,A
29-FEB-2016 16:35:00.017,15,P_INDUSTRIAL.PI33AL2PI2IA,182.00,A
29-FEB-2016 16:35:00.017,15,P_INDUSTRIAL.PI33AL3SALIA,39.00,A
29-FEB-2016 16:35:00.017,15,P_INDUSTRIAL.PI33PI23IFA,209.00,A
29-FEB-2016 16:35:00.017,15,P_INDUSTRIAL.PI33TR1IA,427.30,A
29-FEB-2016 16:50:00.017,15,P_INDUSTRIAL.PI132LLUIA,242.80,A
29-FEB-2016 16:50:00.017,15,P_INDUSTRIAL.PI132LSLIA,121.10,A
29-FEB-2016 16:50:00.017,15,P_INDUSTRIAL.PI132TR1IA,121.70,A
29-FEB-2016 16:50:00.017,15,P_INDUSTRIAL.PI33AL2PI2IA,178.00,A
29-FEB-2016 16:50:00.017,15,P_INDUSTRIAL.PI33AL3SALIA,39.00,A
29-FEB-2016 16:50:00.017,15,P_INDUSTRIAL.PI33PI23IFA,212.00,A
29-FEB-2016 16:50:00.017,15,P_INDUSTRIAL.PI33TR1IA,423.50,A
29-FEB-2016 17:05:00.017,15,P_INDUSTRIAL.PI132LLUIA,246.60,A
29-FEB-2016 17:05:00.017,15,P_INDUSTRIAL.PI132LSLIA,121.70,A
29-FEB-2016 17:05:00.017,15,P_INDUSTRIAL.PI132TR1IA,126.90,A
29-FEB-2016 17:05:00.017,15,P_INDUSTRIAL.PI33AL2PI2IA,190.00,A
29-FEB-2016 17:05:00.017,15,P_INDUSTRIAL.PI33AL3SALIA,39.00,A
29-FEB-2016 17:05:00.017,15,P_INDUSTRIAL.PI33PI23IFA,214.00,A
29-FEB-2016 17:05:00.017,15,P_INDUSTRIAL.PI33TR1IA,436.40,A
29-FEB-2016 17:20:00.017,15,P_INDUSTRIAL.PI132LLUIA,242.30,A
29-FEB-2016 17:20:00.017,15,P_INDUSTRIAL.PI132LSLIA,118.90,A
29-FEB-2016 17:20:00.017,15,P_INDUSTRIAL.PI132TR1IA,123.60,A
29-FEB-2016 17:20:00.017,15,P_INDUSTRIAL.PI33AL2PI2IA,184.00,A
29-FEB-2016 17:20:00.017,15,P_INDUSTRIAL.PI33AL3SALIA,39.00,A
29-FEB-2016 17:20:00.017,15,P_INDUSTRIAL.PI33PI23IFA,212.00,A
29-FEB-2016 17:20:00.017,15,P_INDUSTRIAL.PI33TR1IA,428.70,A
29-FEB-2016 17:35:00.017,15,P_INDUSTRIAL.PI132LLUIA,235.70,A
29-FEB-2016 17:35:00.017,15,P_INDUSTRIAL.PI132LSLIA,111.60,A
29-FEB-2016 17:35:00.017,15,P_INDUSTRIAL.PI132TR1IA,126.00,A
29-FEB-2016 17:35:00.017,15,P_INDUSTRIAL.PI33AL2PI2IA,192.00,A
29-FEB-2016 17:35:00.017,15,P_INDUSTRIAL.PI33AL3SALIA,40.00,A
29-FEB-2016 17:35:00.017,15,P_INDUSTRIAL.PI33PI23IFA,213.00,A
29-FEB-2016 17:35:00.017,15,P_INDUSTRIAL.PI33TR1IA,439.30,A
29-FEB-2016 17:50:00.017,15,P_INDUSTRIAL.PI132LLUIA,231.30,A
29-FEB-2016 17:50:00.017,15,P_INDUSTRIAL.PI132LSLIA,111.00,A
29-FEB-2016 17:50:00.017,15,P_INDUSTRIAL.PI132TR1IA,121.10,A
29-FEB-2016 17:50:00.017,15,P_INDUSTRIAL.PI33AL2PI2IA,181.00,A
29-FEB-2016 17:50:00.017,15,P_INDUSTRIAL.PI33AL3SALIA,38.00,A
29-FEB-2016 17:50:00.017,15,P_INDUSTRIAL.PI33PI23IFA,207.00,A
29-FEB-2016 17:50:00.017,15,P_INDUSTRIAL.PI33TR1IA,424.40,A
29-FEB-2016 18:05:00.017,15,P_INDUSTRIAL.PI132LLUIA,227.50,A
29-FEB-2016 18:05:00.017,15,P_INDUSTRIAL.PI132LSLIA,107.20,A
29-FEB-2016 18:05:00.017,15,P_INDUSTRIAL.PI132TR1IA,121.40,A
29-FEB-2016 18:05:00.017,15,P_INDUSTRIAL.PI33AL2PI2IA,188.00,A
29-FEB-2016 18:05:00.017,15,P_INDUSTRIAL.PI33AL3SALIA,38.00,A
29-FEB-2016 18:05:00.017,15,P_INDUSTRIAL.PI33PI23IFA,200.00,A
29-FEB-2016 18:05:00.017,15,P_INDUSTRIAL.PI33TR1IA,417.70,A
29-FEB-2016 18:20:00.017,15,P_INDUSTRIAL.PI132LLUIA,227.50,A
29-FEB-2016 18:20:00.017,15,P_INDUSTRIAL.PI132LSLIA,108.30,A
29-FEB-2016 18:20:00.017,15,P_INDUSTRIAL.PI132TR1IA,118.80,A
29-FEB-2016 18:20:00.017,15,P_INDUSTRIAL.PI33AL2PI2IA,183.00,A
29-FEB-2016 18:20:00.017,15,P_INDUSTRIAL.PI33AL3SALIA,39.00,A
29-FEB-2016 18:20:00.017,15,P_INDUSTRIAL.PI33PI23IFA,197.00,A
29-FEB-2016 18:20:00.017,15,P_INDUSTRIAL.PI33TR1IA,416.50,A
29-FEB-2016 18:35:00.017,15,P_INDUSTRIAL.PI132LLUIA,222.90,A
29-FEB-2016 18:35:00.017,15,P_INDUSTRIAL.PI132LSLIA,105.80,A
29-FEB-2016 18:35:00.017,15,P_INDUSTRIAL.PI132TR1IA,116.80,A
29-FEB-2016 18:35:00.017,15,P_INDUSTRIAL.PI33AL2PI2IA,180.00,A
29-FEB-2016 18:35:00.017,15,P_INDUSTRIAL.PI33AL3SALIA,41.00,A
29-FEB-2016 18:35:00.017,15,P_INDUSTRIAL.PI33PI23IFA,194.00,A
29-FEB-2016 18:35:00.017,15,P_INDUSTRIAL.PI33TR1IA,409.60,A
29-FEB-2016 18:50:00.017,15,P_INDUSTRIAL.PI132LLUIA,219.60,A
29-FEB-2016 18:50:00.017,15,P_INDUSTRIAL.PI132LSLIA,102.80,A
29-FEB-2016 18:50:00.017,15,P_INDUSTRIAL.PI132TR1IA,117.90,A
29-FEB-2016 18:50:00.017,15,P_INDUSTRIAL.PI33AL2PI2IA,183.00,A
29-FEB-2016 18:50:00.017,15,P_INDUSTRIAL.PI33AL3SALIA,39.00,A
29-FEB-2016 18:50:00.017,15,P_INDUSTRIAL.PI33PI23IFA,190.00,A
29-FEB-2016 18:50:00.017,15,P_INDUSTRIAL.PI33TR1IA,406.70,A
29-FEB-2016 19:05:00.017,15,P_INDUSTRIAL.PI132LLUIA,218.70,A
29-FEB-2016 19:05:00.017,15,P_INDUSTRIAL.PI132LSLIA,103.10,A
29-FEB-2016 19:05:00.017,15,P_INDUSTRIAL.PI132TR1IA,115.90,A
29-FEB-2016 19:05:00.017,15,P_INDUSTRIAL.PI33AL2PI2IA,177.00,A
29-FEB-2016 19:05:00.017,15,P_INDUSTRIAL.PI33AL3SALIA,39.00,A
29-FEB-2016 19:05:00.017,15,P_INDUSTRIAL.PI33PI23IFA,195.00,A
29-FEB-2016 19:05:00.017,15,P_INDUSTRIAL.PI33TR1IA,407.50,A
29-FEB-2016 19:20:00.017,15,P_INDUSTRIAL.PI132LLUIA,220.90,A
29-FEB-2016 19:20:00.017,15,P_INDUSTRIAL.PI132LSLIA,103.60,A
29-FEB-2016 19:20:00.017,15,P_INDUSTRIAL.PI132TR1IA,118.10,A
29-FEB-2016 19:20:00.017,15,P_INDUSTRIAL.PI33AL2PI2IA,185.00,A
29-FEB-2016 19:20:00.017,15,P_INDUSTRIAL.PI33AL3SALIA,39.00,A
29-FEB-2016 19:20:00.017,15,P_INDUSTRIAL.PI33PI23IFA,196.00,A
29-FEB-2016 19:20:00.017,15,P_INDUSTRIAL.PI33TR1IA,416.80,A
29-FEB-2016 19:35:00.017,15,P_INDUSTRIAL.PI132LLUIA,226.40,A
29-FEB-2016 19:35:00.017,15,P_INDUSTRIAL.PI132LSLIA,106.90,A
29-FEB-2016 19:35:00.017,15,P_INDUSTRIAL.PI132TR1IA,120.80,A
29-FEB-2016 19:35:00.017,15,P_INDUSTRIAL.PI33AL2PI2IA,183.00,A
29-FEB-2016 19:35:00.017,15,P_INDUSTRIAL.PI33AL3SALIA,41.00,A
29-FEB-2016 19:35:00.017,15,P_INDUSTRIAL.PI33PI23IFA,201.00,A
29-FEB-2016 19:35:00.017,15,P_INDUSTRIAL.PI33TR1IA,426.40,A
29-FEB-2016 19:50:00.017,15,P_INDUSTRIAL.PI132LLUIA,233.80,A
29-FEB-2016 19:50:00.017,15,P_INDUSTRIAL.PI132LSLIA,116.20,A
29-FEB-2016 19:50:00.017,15,P_INDUSTRIAL.PI132TR1IA,118.90,A
29-FEB-2016 19:50:00.017,15,P_INDUSTRIAL.PI33AL2PI2IA,176.00,A
29-FEB-2016 19:50:00.017,15,P_INDUSTRIAL.PI33AL3SALIA,40.00,A
29-FEB-2016 19:50:00.017,15,P_INDUSTRIAL.PI33PI23IFA,202.00,A
29-FEB-2016 19:50:00.017,15,P_INDUSTRIAL.PI33TR1IA,417.50,A
29-FEB-2016 20:05:00.017,15,P_INDUSTRIAL.PI132LLUIA,248.60,A
29-FEB-2016 20:05:00.017,15,P_INDUSTRIAL.PI132LSLIA,129.90,A
29-FEB-2016 20:05:00.017,15,P_INDUSTRIAL.PI132TR1IA,118.90,A
29-FEB-2016 20:05:00.017,15,P_INDUSTRIAL.PI33AL2PI2IA,182.00,A
29-FEB-2016 20:05:00.017,15,P_INDUSTRIAL.PI33AL3SALIA,42.00,A
29-FEB-2016 20:05:00.017,15,P_INDUSTRIAL.PI33PI23IFA,198.00,A
29-FEB-2016 20:05:00.017,15,P_INDUSTRIAL.PI33TR1IA,415.80,A
29-FEB-2016 20:20:00.017,15,P_INDUSTRIAL.PI132LLUIA,280.80,A
29-FEB-2016 20:20:00.017,15,P_INDUSTRIAL.PI132LSLIA,153.10,A
29-FEB-2016 20:20:00.017,15,P_INDUSTRIAL.PI132TR1IA,127.60,A
29-FEB-2016 20:20:00.017,15,P_INDUSTRIAL.PI33AL2PI2IA,191.00,A
29-FEB-2016 20:20:00.017,15,P_INDUSTRIAL.PI33AL3SALIA,51.00,A
29-FEB-2016 20:20:00.017,15,P_INDUSTRIAL.PI33PI23IFA,204.00,A
29-FEB-2016 20:20:00.017,15,P_INDUSTRIAL.PI33TR1IA,444.50,A
29-FEB-2016 20:35:00.017,15,P_INDUSTRIAL.PI132LLUIA,292.30,A
29-FEB-2016 20:35:00.017,15,P_INDUSTRIAL.PI132LSLIA,163.80,A
29-FEB-2016 20:35:00.017,15,P_INDUSTRIAL.PI132TR1IA,129.60,A
29-FEB-2016 20:35:00.017,15,P_INDUSTRIAL.PI33AL2PI2IA,187.00,A
29-FEB-2016 20:35:00.017,15,P_INDUSTRIAL.PI33AL3SALIA,53.00,A
29-FEB-2016 20:35:00.017,15,P_INDUSTRIAL.PI33PI23IFA,200.00,A
29-FEB-2016 20:35:00.017,15,P_INDUSTRIAL.PI33TR1IA,437.60,A
29-FEB-2016 20:50:00.017,15,P_INDUSTRIAL.PI132LLUIA,289.30,A
29-FEB-2016 20:50:00.017,15,P_INDUSTRIAL.PI132LSLIA,161.60,A
29-FEB-2016 20:50:00.017,15,P_INDUSTRIAL.PI132TR1IA,127.80,A
29-FEB-2016 20:50:00.017,15,P_INDUSTRIAL.PI33AL2PI2IA,194.00,A
29-FEB-2016 20:50:00.017,15,P_INDUSTRIAL.PI33AL3SALIA,53.00,A
29-FEB-2016 20:50:00.017,15,P_INDUSTRIAL.PI33PI23IFA,194.00,A
29-FEB-2016 20:50:00.017,15,P_INDUSTRIAL.PI33TR1IA,433.50,A
29-FEB-2016 21:05:00.017,15,P_INDUSTRIAL.PI132LLUIA,290.40,A
29-FEB-2016 21:05:00.017,15,P_INDUSTRIAL.PI132LSLIA,163.00,A
29-FEB-2016 21:05:00.017,15,P_INDUSTRIAL.PI132TR1IA,128.40,A
29-FEB-2016 21:05:00.017,15,P_INDUSTRIAL.PI33AL2PI2IA,192.00,A
29-FEB-2016 21:05:00.017,15,P_INDUSTRIAL.PI33AL3SALIA,51.00,A
29-FEB-2016 21:05:00.017,15,P_INDUSTRIAL.PI33PI23IFA,200.00,A
29-FEB-2016 21:05:00.017,15,P_INDUSTRIAL.PI33TR1IA,440.00,A
29-FEB-2016 21:20:00.017,15,P_INDUSTRIAL.PI132LLUIA,287.10,A
29-FEB-2016 21:20:00.017,15,P_INDUSTRIAL.PI132LSLIA,160.80,A
29-FEB-2016 21:20:00.017,15,P_INDUSTRIAL.PI132TR1IA,126.00,A
29-FEB-2016 21:20:00.017,15,P_INDUSTRIAL.PI33AL2PI2IA,189.00,A
29-FEB-2016 21:20:00.017,15,P_INDUSTRIAL.PI33AL3SALIA,52.00,A
29-FEB-2016 21:20:00.017,15,P_INDUSTRIAL.PI33PI23IFA,187.00,A
29-FEB-2016 21:20:00.017,15,P_INDUSTRIAL.PI33TR1IA,424.20,A
29-FEB-2016 21:35:00.017,15,P_INDUSTRIAL.PI132LLUIA,278.40,A
29-FEB-2016 21:35:00.017,15,P_INDUSTRIAL.PI132LSLIA,155.00,A
29-FEB-2016 21:35:00.017,15,P_INDUSTRIAL.PI132TR1IA,123.60,A
29-FEB-2016 21:35:00.017,15,P_INDUSTRIAL.PI33AL2PI2IA,186.00,A
29-FEB-2016 21:35:00.017,15,P_INDUSTRIAL.PI33AL3SALIA,54.00,A
29-FEB-2016 21:35:00.017,15,P_INDUSTRIAL.PI33PI23IFA,186.00,A
29-FEB-2016 21:35:00.017,15,P_INDUSTRIAL.PI33TR1IA,421.60,A
29-FEB-2016 21:50:00.017,15,P_INDUSTRIAL.PI132LLUIA,271.50,A
29-FEB-2016 21:50:00.017,15,P_INDUSTRIAL.PI132LSLIA,147.10,A
29-FEB-2016 21:50:00.017,15,P_INDUSTRIAL.PI132TR1IA,124.90,A
29-FEB-2016 21:50:00.017,15,P_INDUSTRIAL.PI33AL2PI2IA,184.00,A
29-FEB-2016 21:50:00.017,15,P_INDUSTRIAL.PI33AL3SALIA,53.00,A
29-FEB-2016 21:50:00.017,15,P_INDUSTRIAL.PI33PI23IFA,185.00,A
29-FEB-2016 21:50:00.017,15,P_INDUSTRIAL.PI33TR1IA,422.80,A
29-FEB-2016 22:05:00.017,15,P_INDUSTRIAL.PI132LLUIA,260.60,A
29-FEB-2016 22:05:00.017,15,P_INDUSTRIAL.PI132LSLIA,138.90,A
29-FEB-2016 22:05:00.017,15,P_INDUSTRIAL.PI132TR1IA,123.60,A
29-FEB-2016 22:05:00.017,15,P_INDUSTRIAL.PI33AL2PI2IA,185.00,A
29-FEB-2016 22:05:00.017,15,P_INDUSTRIAL.PI33AL3SALIA,53.00,A
29-FEB-2016 22:05:00.017,15,P_INDUSTRIAL.PI33PI23IFA,188.00,A
29-FEB-2016 22:05:00.017,15,P_INDUSTRIAL.PI33TR1IA,419.70,A
29-FEB-2016 22:20:00.017,15,P_INDUSTRIAL.PI132LLUIA,262.00,A
29-FEB-2016 22:20:00.017,15,P_INDUSTRIAL.PI132LSLIA,139.50,A
29-FEB-2016 22:20:00.017,15,P_INDUSTRIAL.PI132TR1IA,123.80,A
29-FEB-2016 22:20:00.017,15,P_INDUSTRIAL.PI33AL2PI2IA,184.00,A
29-FEB-2016 22:20:00.017,15,P_INDUSTRIAL.PI33AL3SALIA,53.00,A
29-FEB-2016 22:20:00.017,15,P_INDUSTRIAL.PI33PI23IFA,188.00,A
29-FEB-2016 22:20:00.017,15,P_INDUSTRIAL.PI33TR1IA,422.30,A
29-FEB-2016 22:35:00.017,15,P_INDUSTRIAL.PI132LLUIA,255.70,A
29-FEB-2016 22:35:00.017,15,P_INDUSTRIAL.PI132LSLIA,131.20,A
29-FEB-2016 22:35:00.017,15,P_INDUSTRIAL.PI132TR1IA,125.80,A
29-FEB-2016 22:35:00.017,15,P_INDUSTRIAL.PI33AL2PI2IA,196.00,A
29-FEB-2016 22:35:00.017,15,P_INDUSTRIAL.PI33AL3SALIA,52.00,A
29-FEB-2016 22:35:00.017,15,P_INDUSTRIAL.PI33PI23IFA,184.00,A
29-FEB-2016 22:35:00.017,15,P_INDUSTRIAL.PI33TR1IA,428.30,A
29-FEB-2016 22:50:00.017,15,P_INDUSTRIAL.PI132LLUIA,252.10,A
29-FEB-2016 22:50:00.017,15,P_INDUSTRIAL.PI132LSLIA,126.10,A
29-FEB-2016 22:50:00.017,15,P_INDUSTRIAL.PI132TR1IA,125.80,A
29-FEB-2016 22:50:00.017,15,P_INDUSTRIAL.PI33AL2PI2IA,195.00,A
29-FEB-2016 22:50:00.017,15,P_INDUSTRIAL.PI33AL3SALIA,52.00,A
29-FEB-2016 22:50:00.017,15,P_INDUSTRIAL.PI33PI23IFA,190.00,A
29-FEB-2016 22:50:00.017,15,P_INDUSTRIAL.PI33TR1IA,431.10,A
29-FEB-2016 23:05:00.017,15,P_INDUSTRIAL.PI132LLUIA,241.70,A
29-FEB-2016 23:05:00.017,15,P_INDUSTRIAL.PI132LSLIA,119.50,A
29-FEB-2016 23:05:00.017,15,P_INDUSTRIAL.PI132TR1IA,124.40,A
29-FEB-2016 23:05:00.017,15,P_INDUSTRIAL.PI33AL2PI2IA,193.00,A
29-FEB-2016 23:05:00.017,15,P_INDUSTRIAL.PI33AL3SALIA,48.00,A
29-FEB-2016 23:05:00.017,15,P_INDUSTRIAL.PI33PI23IFA,184.00,A
29-FEB-2016 23:05:00.017,15,P_INDUSTRIAL.PI33TR1IA,421.30,A
29-FEB-2016 23:20:00.017,15,P_INDUSTRIAL.PI132LLUIA,237.10,A
29-FEB-2016 23:20:00.017,15,P_INDUSTRIAL.PI132LSLIA,113.70,A
29-FEB-2016 23:20:00.017,15,P_INDUSTRIAL.PI132TR1IA,122.60,A
29-FEB-2016 23:20:00.017,15,P_INDUSTRIAL.PI33AL2PI2IA,195.00,A
29-FEB-2016 23:20:00.017,15,P_INDUSTRIAL.PI33AL3SALIA,48.00,A
29-FEB-2016 23:20:00.017,15,P_INDUSTRIAL.PI33PI23IFA,186.00,A
29-FEB-2016 23:20:00.017,15,P_INDUSTRIAL.PI33TR1IA,424.00,A
29-FEB-2016 23:35:00.017,15,P_INDUSTRIAL.PI132LLUIA,231.10,A
29-FEB-2016 23:35:00.017,15,P_INDUSTRIAL.PI132LSLIA,112.10,A
29-FEB-2016 23:35:00.017,15,P_INDUSTRIAL.PI132TR1IA,119.20,A
29-FEB-2016 23:35:00.017,15,P_INDUSTRIAL.PI33AL2PI2IA,186.00,A
29-FEB-2016 23:35:00.017,15,P_INDUSTRIAL.PI33AL3SALIA,48.00,A
29-FEB-2016 23:35:00.017,15,P_INDUSTRIAL.PI33PI23IFA,178.00,A
29-FEB-2016 23:35:00.017,15,P_INDUSTRIAL.PI33TR1IA,412.00,A
29-FEB-2016 23:50:00.017,15,P_INDUSTRIAL.PI132LLUIA,223.40,A
29-FEB-2016 23:50:00.017,15,P_INDUSTRIAL.PI132LSLIA,103.60,A
29-FEB-2016 23:50:00.017,15,P_INDUSTRIAL.PI132TR1IA,121.10,A
29-FEB-2016 23:50:00.017,15,P_INDUSTRIAL.PI33AL2PI2IA,194.00,A
29-FEB-2016 23:50:00.017,15,P_INDUSTRIAL.PI33AL3SALIA,48.00,A
29-FEB-2016 23:50:00.017,15,P_INDUSTRIAL.PI33PI23IFA,183.00,A
29-FEB-2016 23:50:00.017,15,P_INDUSTRIAL.PI33TR1IA,414.20,A
1-MAR-2016 00:05:00.017,15,P_INDUSTRIAL.PI132LLUIA,216.00,A
1-MAR-2016 00:05:00.017,15,P_INDUSTRIAL.PI132LSLIA,99.00,A
1-MAR-2016 00:05:00.017,15,P_INDUSTRIAL.PI132TR1IA,116.60,A
1-MAR-2016 00:05:00.017,15,P_INDUSTRIAL.PI33AL2PI2IA,189.00,A
1-MAR-2016 00:05:00.017,15,P_INDUSTRIAL.PI33AL3SALIA,46.00,A
1-MAR-2016 00:05:00.017,15,P_INDUSTRIAL.PI33PI23IFA,179.00,A
1-MAR-2016 00:05:00.017,15,P_INDUSTRIAL.PI33TR1IA,408.70,A